{"cameraMode":{"drawMode":0,"name":"Shaded","section":"Shading Mode"},"sceneLighting":false,"audioPlay":false,"sceneViewState":{"showFog":true,"showMaterialUpdate":false,"showSkybox":false,"showFlares":true,"showImageEffects":true,"showParticleSystems":true},"in2DMode":false,"pivot":{"x":5.960464477539063e-8,"y":-1.1920928955078126e-7,"z":0.0},"rotation":{"x":-0.0007554818876087666,"y":0.9979441165924072,"z":0.011975905857980252,"w":0.06295379251241684},"size":0.8660287261009216,"orthographic":false}