{"cameraMode":{"drawMode":0,"name":"Shaded","section":"Shading Mode"},"sceneLighting":false,"audioPlay":false,"sceneViewState":{"showFog":true,"showMaterialUpdate":false,"showSkybox":false,"showFlares":true,"showImageEffects":true,"showParticleSystems":true},"in2DMode":false,"pivot":{"x":0.39327090978622439,"y":11.979999542236329,"z":19.775571823120118},"rotation":{"x":0.1343296766281128,"y":-0.06178250163793564,"z":0.008388133719563485,"w":0.9889850616455078},"size":0.5699459314346314,"orthographic":false}