{"cameraMode":{"drawMode":0,"name":"Shaded","section":"Shading Mode"},"sceneLighting":false,"audioPlay":false,"sceneViewState":{"showFog":true,"showMaterialUpdate":false,"showSkybox":false,"showFlares":true,"showImageEffects":true,"showParticleSystems":true},"in2DMode":false,"pivot":{"x":0.42120277881622317,"y":12.378371238708496,"z":17.189167022705079},"rotation":{"x":0.1343296766281128,"y":-0.06178250163793564,"z":0.008388133719563485,"w":0.9889850616455078},"size":2.0075502395629885,"orthographic":false}